product_slide1,slide1,product_slide2,slide2
all,getting her valentines gift thanks to scr0lling,all,link in bio
all,already got his valentines covered thanks to scr0lling,all,link in bio
all,bout to spoil bae for valentines thanks to this,all,link in bio
all,valentines in a few days and I'm actually ready,all,link in bio
all,last valentines I was broke this year different,all,link in bio
all,pulling up to valentines different this year,all,link in bio
all,how am I affording valentines with no job,all,link in bio
all,valentines prep looking like this,all,link in bio
all,guess what's paying for valentines this year,all,link in bio
all,valentines week and I'm not broke for once,all,link in bio
